prefix,diff1,diff2,...
b,0.092,0.04287
c_0,-0.02171
d,0.00062
h,-0.063805,0.12333
l,0.007998
p_0,-0.11012,0.11771
s,0.05593,-0.11125
