file name,angle1,angle2,...
s-s.jpg,3.44396,4.53382,6.22265,2.33011,3.87219
