file name,angle1,angle2,...
b-o.jpg,6.14821,3.55096
b-s.jpg,3.64296,6.19108
c_0-o.jpg,5.84994
c_0-s.jpg,2.61256,5.82823,3.37384
d-o.jpg,5.91229
d-s.jpg,5.91291
h-o.jpg,0.292912,3.40392
h-s.jpg,0.229107,2.82646,3.52725
l-o.jpg,0.365304,5.88355
l-s.jpg,0.373302,3.11628
p_0-o.jpg,3.70659,2.72296
p_0-s.jpg,6.07957,3.59647,2.84067,0.349303
s-o.jpg,3.55624,2.78182
s-s.jpg,3.61217,2.67057,6.24632
